-- A contranovela Supabase migration
-- Generated from the current local seed content.

begin;

create extension if not exists pgcrypto;

create table if not exists public.categories (
  id text primary key,
  label text not null,
  mode text not null check (mode in ('cards', 'scale', 'today', 'no')),
  sort_order integer not null default 0,
  created_at timestamptz not null default now(),
  updated_at timestamptz not null default now()
);

create table if not exists public.cover_filters (
  id uuid primary key default gen_random_uuid(),
  label text not null unique,
  css_filter text not null,
  sort_order integer not null default 0,
  created_at timestamptz not null default now()
);

create table if not exists public.editorial_pages (
  id text primary key,
  title text not null,
  content jsonb not null default '{}'::jsonb,
  created_at timestamptz not null default now(),
  updated_at timestamptz not null default now()
);

create table if not exists public.reviews (
  id text primary key,
  section text not null references public.categories(id) on update cascade,
  author text not null,
  title text not null,
  subtitle text,
  summary text not null,
  score numeric(3,1),
  publisher text,
  publication_year text,
  translator text,
  pages text,
  cover_image_url text not null,
  cover_tone text default '#efe7d8',
  cover_filter text not null default 'grayscale(1) contrast(1.05)',
  slot text check (slot is null or slot in ('', 'hoy', 'mañana', 'manana')),
  body jsonb not null default '[]'::jsonb,
  images jsonb not null default '[]'::jsonb,
  sort_order integer not null default 0,
  is_published boolean not null default true,
  created_at timestamptz not null default now(),
  updated_at timestamptz not null default now()
);

create index if not exists reviews_section_sort_idx on public.reviews(section, sort_order);
create index if not exists reviews_slot_idx on public.reviews(slot) where slot is not null and slot <> '';
create index if not exists reviews_published_idx on public.reviews(is_published);

create or replace function public.touch_updated_at()
returns trigger language plpgsql as $$
begin
  new.updated_at = now();
  return new;
end;
$$;

drop trigger if exists categories_touch_updated_at on public.categories;
create trigger categories_touch_updated_at before update on public.categories for each row execute function public.touch_updated_at();

drop trigger if exists editorial_pages_touch_updated_at on public.editorial_pages;
create trigger editorial_pages_touch_updated_at before update on public.editorial_pages for each row execute function public.touch_updated_at();

drop trigger if exists reviews_touch_updated_at on public.reviews;
create trigger reviews_touch_updated_at before update on public.reviews for each row execute function public.touch_updated_at();

alter table public.categories enable row level security;
alter table public.cover_filters enable row level security;
alter table public.editorial_pages enable row level security;
alter table public.reviews enable row level security;

drop policy if exists "Public read categories" on public.categories;
create policy "Public read categories" on public.categories for select using (true);

drop policy if exists "Public read cover filters" on public.cover_filters;
create policy "Public read cover filters" on public.cover_filters for select using (true);

drop policy if exists "Public read editorial pages" on public.editorial_pages;
create policy "Public read editorial pages" on public.editorial_pages for select using (true);

drop policy if exists "Public read published reviews" on public.reviews;
create policy "Public read published reviews" on public.reviews for select using (is_published = true);

drop policy if exists "Authenticated manage categories" on public.categories;
create policy "Authenticated manage categories" on public.categories for all to authenticated using (true) with check (true);

drop policy if exists "Authenticated manage cover filters" on public.cover_filters;
create policy "Authenticated manage cover filters" on public.cover_filters for all to authenticated using (true) with check (true);

drop policy if exists "Authenticated manage editorial pages" on public.editorial_pages;
create policy "Authenticated manage editorial pages" on public.editorial_pages for all to authenticated using (true) with check (true);

drop policy if exists "Authenticated manage reviews" on public.reviews;
create policy "Authenticated manage reviews" on public.reviews for all to authenticated using (true) with check (true);

insert into storage.buckets (id, name, public, file_size_limit, allowed_mime_types)
values
  ('covers', 'covers', true, 10485760, array['image/png', 'image/jpeg']),
  ('article-images', 'article-images', true, 10485760, array['image/png', 'image/jpeg'])
on conflict (id) do update set
  public = excluded.public,
  file_size_limit = excluded.file_size_limit,
  allowed_mime_types = excluded.allowed_mime_types;

drop policy if exists "Public read cover files" on storage.objects;
create policy "Public read cover files" on storage.objects
  for select using (bucket_id in ('covers', 'article-images'));

drop policy if exists "Authenticated manage cover files" on storage.objects;
create policy "Authenticated manage cover files" on storage.objects
  for all to authenticated
  using (bucket_id in ('covers', 'article-images'))
  with check (bucket_id in ('covers', 'article-images'));

insert into public.categories (id, label, mode, sort_order) values
  ('textos', 'TEXTOS', 'cards', 1),
  ('flash', 'FLASH', 'cards', 2),
  ('escala', 'ESCALA', 'scale', 3),
  ('hoy-manana', 'HOY Y MAÑANA', 'today', 4),
  ('no', 'NO', 'no', 5)
on conflict (id) do update set label = excluded.label, mode = excluded.mode, sort_order = excluded.sort_order;

insert into public.cover_filters (label, css_filter, sort_order) values
  ('B/N limpio', 'grayscale(1) contrast(1.05)', 1),
  ('B/N duro', 'grayscale(1) contrast(1.45)', 2),
  ('B/N suave', 'grayscale(1) contrast(.9) brightness(1.08)', 3),
  ('Alto grano', 'grayscale(1) contrast(1.7) brightness(.95)', 4),
  ('Archivo', 'grayscale(1) sepia(.18) contrast(1.15)', 5),
  ('Prensa', 'grayscale(1) contrast(1.3) brightness(1.05)', 6),
  ('Nocturno', 'grayscale(1) contrast(1.25) brightness(.78)', 7),
  ('Quemado', 'grayscale(1) contrast(1.55) brightness(1.18)', 8),
  ('Plata', 'grayscale(1) contrast(.82) brightness(1.22)', 9),
  ('Carbón', 'grayscale(1) contrast(1.8) brightness(.82)', 10),
  ('Mate', 'grayscale(1) saturate(.15) contrast(.95)', 11),
  ('Niebla', 'grayscale(1) contrast(.72) brightness(1.18)', 12),
  ('Xerox', 'grayscale(1) contrast(2) brightness(1.05)', 13),
  ('Cine', 'grayscale(1) contrast(1.2) brightness(.9)', 14),
  ('Editorial', 'grayscale(1) contrast(1.12) brightness(1.02)', 15),
  ('Papel', 'grayscale(.9) sepia(.12) contrast(1.05)', 16),
  ('Frío', 'grayscale(.85) saturate(.35) contrast(1.08)', 17),
  ('Cálido', 'grayscale(.75) sepia(.28) contrast(1.03)', 18),
  ('Color bajo', 'saturate(.45) contrast(1.05)', 19),
  ('Original', 'none', 20)
on conflict (label) do update set css_filter = excluded.css_filter, sort_order = excluded.sort_order;

insert into public.editorial_pages (id, title, content) values
  ('yo', 'YO', '{
    "es": {
      "lead": "Este proyecto nace de una mania privada: leer como quien escucha una habitacion vacia. No busca ordenar el canon, sino registrar una temperatura. Lo que importa no es solo si un libro funciona, sino que tipo de ruido deja en la cabeza.",
      "one": "El manager de <strong>a contranovela</strong> escribe desde una idea sencilla: la critica no deberia sonar como una sentencia, sino como una forma de atencion. Cada texto intenta mirar el libro de cerca, sin convertirlo en mercancia de recomendacion rapida ni en monumento academico.",
      "two": "Aqui conviven reseñas largas, apuntes veloces, escalas semanales, entusiasmos provisionales y negativas razonadas. Hay libros que se aman, libros que se discuten y libros que se dejan caer con cuidado sobre la mesa para escuchar como suenan.",
      "quote": "Leer no para tener razon, sino para afinar la desconfianza."
    },
    "en": {
      "lead": "This project begins with a private obsession: reading as if listening to an empty room. It does not try to organize the canon, but to register a temperature.",
      "one": "The manager of <strong>a contranovela</strong> writes from a simple idea: criticism should not sound like a verdict, but like a form of attention.",
      "two": "Long reviews, quick notes, weekly scales, provisional enthusiasms and reasoned refusals coexist here. Some books are loved, some are argued with, and some are placed carefully on the table to hear how they sound.",
      "quote": "To read not in order to be right, but to sharpen distrust."
    }
  }'::jsonb)
on conflict (id) do update set title = excluded.title, content = excluded.content;

insert into public.reviews (id, section, author, title, subtitle, summary, score, publisher, publication_year, translator, pages, cover_image_url, cover_tone, cover_filter, slot, body, images, sort_order, is_published) values
  ('textos-peter-handke-ensayo-sobre-el-cansancio', 'textos', 'Peter Handke', 'Ensayo sobre el cansancio', null, 'Un libro que afirma el derecho a la inutilidad y al silencio. Handke convierte el cansancio en una forma de atencion: no es una renuncia, es una resistencia intima frente al ruido del mundo.', 8.2, 'Alianza', '1990', 'Eustaquio Barjau', '72', 'https://picsum.photos/id/1005/420/560', '#efe7d8', 'grayscale(1) contrast(1.05)', null, '["Hay libros que no se leen: se atraviesan. Ensayo sobre el cansancio pertenece a esa familia porque un libro que afirma el derecho a la inutilidad y al silencio. handke convierte el cansancio en una forma de atencion: no es una renuncia, es una resistencia intima frente al ruido del mundo. La experiencia no se agota en el argumento; sucede en la respiracion, en la forma en que cada pagina administra sus silencios y en la incomodidad que deja despues.","Peter Handke trabaja aqui con una conciencia muy clara del ritmo. La escritura no busca decorar una idea, sino ponerla a prueba. Cada escena parece medida para que el lector perciba lo que ocurre debajo de la superficie: una perdida, una sospecha, una educacion sentimental o una manera de mirar que ya no puede volver atras.","Lo mas interesante esta en la tension entre forma y temperatura. El libro puede parecer sobrio, incluso frio, pero debajo hay una energia persistente. La prosa no explica de mas; organiza el espacio para que aparezca una pregunta: que queda de una vida cuando se la mira sin consuelo y sin grandes gestos.","Tambien importa la manera en que el libro entiende al lector. No lo trata como consumidor de argumento, sino como alguien capaz de quedarse dentro de una escena cuando la escena ya ha terminado. Esa confianza cambia la lectura: obliga a mirar los detalles laterales, los cambios de tono, las repeticiones y las omisiones que al principio parecian menores.","En terminos de estructura, la obra funciona por acumulacion discreta. No depende de un unico golpe ni de una frase memorable convertida en cartel; su potencia aparece cuando las capas empiezan a tocarse. Entonces se comprende que la forma no era un recipiente, sino el verdadero asunto: el modo en que una experiencia encuentra o pierde su lenguaje.","La pregunta que deja Ensayo sobre el cansancio no es si nos ha gustado, sino que clase de atencion nos ha exigido. Esa diferencia es importante. Hay libros que piden velocidad y libros que piden demora; este pertenece a los segundos, incluso cuando parece breve, directo o transparente. Su valor esta en esa resistencia a ser liquidado demasiado pronto.","Por eso la lectura deja una impresion doble. Por un lado, la precision de una pieza cerrada; por otro, la sensacion de que algo sigue abierto fuera del libro. Esa es su fuerza: no imponer una conclusion, sino dejar una vibracion moral que acompaña mucho despues de cerrar la ultima pagina."]'::jsonb, '[]'::jsonb, 1, true),
  ('textos-w-g-sebald-austerlitz', 'textos', 'W. G. Sebald', 'Austerlitz', null, 'Memoria, arquitectura, perdida. Sebald construye una narracion donde el pasado nunca es pasado del todo: deambula y nos arrastra con el por los pasillos de la historia.', 9.1, 'Anagrama', '2001', 'Miguel Saenz', '364', 'https://picsum.photos/id/1035/420/560', '#e8e2d3', 'grayscale(1) contrast(1.05)', null, '["Hay libros que no se leen: se atraviesan. Austerlitz pertenece a esa familia porque memoria, arquitectura, perdida. sebald construye una narracion donde el pasado nunca es pasado del todo: deambula y nos arrastra con el por los pasillos de la historia. La experiencia no se agota en el argumento; sucede en la respiracion, en la forma en que cada pagina administra sus silencios y en la incomodidad que deja despues.","W. G. Sebald trabaja aqui con una conciencia muy clara del ritmo. La escritura no busca decorar una idea, sino ponerla a prueba. Cada escena parece medida para que el lector perciba lo que ocurre debajo de la superficie: una perdida, una sospecha, una educacion sentimental o una manera de mirar que ya no puede volver atras.","Lo mas interesante esta en la tension entre forma y temperatura. El libro puede parecer sobrio, incluso frio, pero debajo hay una energia persistente. La prosa no explica de mas; organiza el espacio para que aparezca una pregunta: que queda de una vida cuando se la mira sin consuelo y sin grandes gestos.","Tambien importa la manera en que el libro entiende al lector. No lo trata como consumidor de argumento, sino como alguien capaz de quedarse dentro de una escena cuando la escena ya ha terminado. Esa confianza cambia la lectura: obliga a mirar los detalles laterales, los cambios de tono, las repeticiones y las omisiones que al principio parecian menores.","En terminos de estructura, la obra funciona por acumulacion discreta. No depende de un unico golpe ni de una frase memorable convertida en cartel; su potencia aparece cuando las capas empiezan a tocarse. Entonces se comprende que la forma no era un recipiente, sino el verdadero asunto: el modo en que una experiencia encuentra o pierde su lenguaje.","La pregunta que deja Austerlitz no es si nos ha gustado, sino que clase de atencion nos ha exigido. Esa diferencia es importante. Hay libros que piden velocidad y libros que piden demora; este pertenece a los segundos, incluso cuando parece breve, directo o transparente. Su valor esta en esa resistencia a ser liquidado demasiado pronto.","Por eso la lectura deja una impresion doble. Por un lado, la precision de una pieza cerrada; por otro, la sensacion de que algo sigue abierto fuera del libro. Esa es su fuerza: no imponer una conclusion, sino dejar una vibracion moral que acompaña mucho despues de cerrar la ultima pagina."]'::jsonb, '[]'::jsonb, 2, true),
  ('textos-herve-guibert-al-amigo-que-no-me-salvo-la-vida', 'textos', 'Herve Guibert', 'Al amigo que no me salvo la vida', null, 'Guibert escribe como quien se expone. Carta, diario y elegia. La amistad aparece como el unico lugar posible desde el que mirar la propia desaparicion.', 8.0, 'Tusquets', '1991', 'M. Antolin Rato', '288', 'https://picsum.photos/id/1011/420/560', '#e4df73', 'grayscale(1) contrast(1.05)', null, '["Hay libros que no se leen: se atraviesan. Al amigo que no me salvo la vida pertenece a esa familia porque guibert escribe como quien se expone. carta, diario y elegia. la amistad aparece como el unico lugar posible desde el que mirar la propia desaparicion. La experiencia no se agota en el argumento; sucede en la respiracion, en la forma en que cada pagina administra sus silencios y en la incomodidad que deja despues.","Herve Guibert trabaja aqui con una conciencia muy clara del ritmo. La escritura no busca decorar una idea, sino ponerla a prueba. Cada escena parece medida para que el lector perciba lo que ocurre debajo de la superficie: una perdida, una sospecha, una educacion sentimental o una manera de mirar que ya no puede volver atras.","Lo mas interesante esta en la tension entre forma y temperatura. El libro puede parecer sobrio, incluso frio, pero debajo hay una energia persistente. La prosa no explica de mas; organiza el espacio para que aparezca una pregunta: que queda de una vida cuando se la mira sin consuelo y sin grandes gestos.","Tambien importa la manera en que el libro entiende al lector. No lo trata como consumidor de argumento, sino como alguien capaz de quedarse dentro de una escena cuando la escena ya ha terminado. Esa confianza cambia la lectura: obliga a mirar los detalles laterales, los cambios de tono, las repeticiones y las omisiones que al principio parecian menores.","En terminos de estructura, la obra funciona por acumulacion discreta. No depende de un unico golpe ni de una frase memorable convertida en cartel; su potencia aparece cuando las capas empiezan a tocarse. Entonces se comprende que la forma no era un recipiente, sino el verdadero asunto: el modo en que una experiencia encuentra o pierde su lenguaje.","La pregunta que deja Al amigo que no me salvo la vida no es si nos ha gustado, sino que clase de atencion nos ha exigido. Esa diferencia es importante. Hay libros que piden velocidad y libros que piden demora; este pertenece a los segundos, incluso cuando parece breve, directo o transparente. Su valor esta en esa resistencia a ser liquidado demasiado pronto.","Por eso la lectura deja una impresion doble. Por un lado, la precision de una pieza cerrada; por otro, la sensacion de que algo sigue abierto fuera del libro. Esa es su fuerza: no imponer una conclusion, sino dejar una vibracion moral que acompaña mucho despues de cerrar la ultima pagina."]'::jsonb, '[]'::jsonb, 3, true),
  ('textos-wislawa-szymborska-fin-y-principio', 'textos', 'Wislawa Szymborska', 'Fin y principio', null, 'Poesia de lo cotidiano y lo abismal. Szymborska encuentra la grieta luminosa en las cosas mas pequeñas: ironia, precision y una ternura sin concesiones.', 8.7, 'Nordica', '1993', 'Gerardo Beltran', '128', 'https://picsum.photos/id/1040/420/560', '#d9e0e1', 'grayscale(1) contrast(1.05)', null, '["Hay libros que no se leen: se atraviesan. Fin y principio pertenece a esa familia porque poesia de lo cotidiano y lo abismal. szymborska encuentra la grieta luminosa en las cosas mas pequeñas: ironia, precision y una ternura sin concesiones. La experiencia no se agota en el argumento; sucede en la respiracion, en la forma en que cada pagina administra sus silencios y en la incomodidad que deja despues.","Wislawa Szymborska trabaja aqui con una conciencia muy clara del ritmo. La escritura no busca decorar una idea, sino ponerla a prueba. Cada escena parece medida para que el lector perciba lo que ocurre debajo de la superficie: una perdida, una sospecha, una educacion sentimental o una manera de mirar que ya no puede volver atras.","Lo mas interesante esta en la tension entre forma y temperatura. El libro puede parecer sobrio, incluso frio, pero debajo hay una energia persistente. La prosa no explica de mas; organiza el espacio para que aparezca una pregunta: que queda de una vida cuando se la mira sin consuelo y sin grandes gestos.","Tambien importa la manera en que el libro entiende al lector. No lo trata como consumidor de argumento, sino como alguien capaz de quedarse dentro de una escena cuando la escena ya ha terminado. Esa confianza cambia la lectura: obliga a mirar los detalles laterales, los cambios de tono, las repeticiones y las omisiones que al principio parecian menores.","En terminos de estructura, la obra funciona por acumulacion discreta. No depende de un unico golpe ni de una frase memorable convertida en cartel; su potencia aparece cuando las capas empiezan a tocarse. Entonces se comprende que la forma no era un recipiente, sino el verdadero asunto: el modo en que una experiencia encuentra o pierde su lenguaje.","La pregunta que deja Fin y principio no es si nos ha gustado, sino que clase de atencion nos ha exigido. Esa diferencia es importante. Hay libros que piden velocidad y libros que piden demora; este pertenece a los segundos, incluso cuando parece breve, directo o transparente. Su valor esta en esa resistencia a ser liquidado demasiado pronto.","Por eso la lectura deja una impresion doble. Por un lado, la precision de una pieza cerrada; por otro, la sensacion de que algo sigue abierto fuera del libro. Esa es su fuerza: no imponer una conclusion, sino dejar una vibracion moral que acompaña mucho despues de cerrar la ultima pagina."]'::jsonb, '[]'::jsonb, 4, true),
  ('flash-clarice-lispector-la-pasion-segun-g-h', 'flash', 'Clarice Lispector', 'La pasion segun G.H.', null, 'Una caida al cuarto de servicio que lo desordena todo. Breve y devastadora: una novela donde la identidad se queda sin muebles y el lenguaje trabaja contra si mismo.', 8.5, 'Siruela', '1964', 'Cristina Peri Rossi', '176', 'https://picsum.photos/id/1076/420/560', '#efe5d0', 'grayscale(1) contrast(1.05)', null, '["Hay libros que no se leen: se atraviesan. La pasion segun G.H. pertenece a esa familia porque una caida al cuarto de servicio que lo desordena todo. breve y devastadora: una novela donde la identidad se queda sin muebles y el lenguaje trabaja contra si mismo. La experiencia no se agota en el argumento; sucede en la respiracion, en la forma en que cada pagina administra sus silencios y en la incomodidad que deja despues.","Clarice Lispector trabaja aqui con una conciencia muy clara del ritmo. La escritura no busca decorar una idea, sino ponerla a prueba. Cada escena parece medida para que el lector perciba lo que ocurre debajo de la superficie: una perdida, una sospecha, una educacion sentimental o una manera de mirar que ya no puede volver atras.","Lo mas interesante esta en la tension entre forma y temperatura. El libro puede parecer sobrio, incluso frio, pero debajo hay una energia persistente. La prosa no explica de mas; organiza el espacio para que aparezca una pregunta: que queda de una vida cuando se la mira sin consuelo y sin grandes gestos.","Tambien importa la manera en que el libro entiende al lector. No lo trata como consumidor de argumento, sino como alguien capaz de quedarse dentro de una escena cuando la escena ya ha terminado. Esa confianza cambia la lectura: obliga a mirar los detalles laterales, los cambios de tono, las repeticiones y las omisiones que al principio parecian menores.","En terminos de estructura, la obra funciona por acumulacion discreta. No depende de un unico golpe ni de una frase memorable convertida en cartel; su potencia aparece cuando las capas empiezan a tocarse. Entonces se comprende que la forma no era un recipiente, sino el verdadero asunto: el modo en que una experiencia encuentra o pierde su lenguaje.","La pregunta que deja La pasion segun G.H. no es si nos ha gustado, sino que clase de atencion nos ha exigido. Esa diferencia es importante. Hay libros que piden velocidad y libros que piden demora; este pertenece a los segundos, incluso cuando parece breve, directo o transparente. Su valor esta en esa resistencia a ser liquidado demasiado pronto.","Por eso la lectura deja una impresion doble. Por un lado, la precision de una pieza cerrada; por otro, la sensacion de que algo sigue abierto fuera del libro. Esa es su fuerza: no imponer una conclusion, sino dejar una vibracion moral que acompaña mucho despues de cerrar la ultima pagina."]'::jsonb, '[]'::jsonb, 5, true),
  ('flash-javier-marias-corazon-tan-blanco', 'flash', 'Javier Marias', 'Corazon tan blanco', null, 'El espionaje como excusa, la duda como centro. Una novela sobre mirar y no entender, sobre escuchar demasiado tarde aquello que ya habia cambiado la vida.', 7.6, 'Alfaguara', '1992', '-', '304', 'https://picsum.photos/id/1050/420/560', '#efd7d7', 'grayscale(1) contrast(1.05)', null, '["Hay libros que no se leen: se atraviesan. Corazon tan blanco pertenece a esa familia porque el espionaje como excusa, la duda como centro. una novela sobre mirar y no entender, sobre escuchar demasiado tarde aquello que ya habia cambiado la vida. La experiencia no se agota en el argumento; sucede en la respiracion, en la forma en que cada pagina administra sus silencios y en la incomodidad que deja despues.","Javier Marias trabaja aqui con una conciencia muy clara del ritmo. La escritura no busca decorar una idea, sino ponerla a prueba. Cada escena parece medida para que el lector perciba lo que ocurre debajo de la superficie: una perdida, una sospecha, una educacion sentimental o una manera de mirar que ya no puede volver atras.","Lo mas interesante esta en la tension entre forma y temperatura. El libro puede parecer sobrio, incluso frio, pero debajo hay una energia persistente. La prosa no explica de mas; organiza el espacio para que aparezca una pregunta: que queda de una vida cuando se la mira sin consuelo y sin grandes gestos.","Tambien importa la manera en que el libro entiende al lector. No lo trata como consumidor de argumento, sino como alguien capaz de quedarse dentro de una escena cuando la escena ya ha terminado. Esa confianza cambia la lectura: obliga a mirar los detalles laterales, los cambios de tono, las repeticiones y las omisiones que al principio parecian menores.","En terminos de estructura, la obra funciona por acumulacion discreta. No depende de un unico golpe ni de una frase memorable convertida en cartel; su potencia aparece cuando las capas empiezan a tocarse. Entonces se comprende que la forma no era un recipiente, sino el verdadero asunto: el modo en que una experiencia encuentra o pierde su lenguaje.","La pregunta que deja Corazon tan blanco no es si nos ha gustado, sino que clase de atencion nos ha exigido. Esa diferencia es importante. Hay libros que piden velocidad y libros que piden demora; este pertenece a los segundos, incluso cuando parece breve, directo o transparente. Su valor esta en esa resistencia a ser liquidado demasiado pronto.","Por eso la lectura deja una impresion doble. Por un lado, la precision de una pieza cerrada; por otro, la sensacion de que algo sigue abierto fuera del libro. Esa es su fuerza: no imponer una conclusion, sino dejar una vibracion moral que acompaña mucho despues de cerrar la ultima pagina."]'::jsonb, '[]'::jsonb, 6, true),
  ('flash-thomas-bernhard-el-sobrino-de-wittgenstein', 'flash', 'Thomas Bernhard', 'El sobrino de Wittgenstein', null, 'Monologo, obsesion, musica. Bernhard en estado puro: la furia como instrumento de precision y el humor como forma de lucidez amarga.', 8.1, 'Anagrama', '1982', 'Miguel Saenz', '144', 'https://picsum.photos/id/1027/420/560', '#eee7d9', 'grayscale(1) contrast(1.05)', null, '["Hay libros que no se leen: se atraviesan. El sobrino de Wittgenstein pertenece a esa familia porque monologo, obsesion, musica. bernhard en estado puro: la furia como instrumento de precision y el humor como forma de lucidez amarga. La experiencia no se agota en el argumento; sucede en la respiracion, en la forma en que cada pagina administra sus silencios y en la incomodidad que deja despues.","Thomas Bernhard trabaja aqui con una conciencia muy clara del ritmo. La escritura no busca decorar una idea, sino ponerla a prueba. Cada escena parece medida para que el lector perciba lo que ocurre debajo de la superficie: una perdida, una sospecha, una educacion sentimental o una manera de mirar que ya no puede volver atras.","Lo mas interesante esta en la tension entre forma y temperatura. El libro puede parecer sobrio, incluso frio, pero debajo hay una energia persistente. La prosa no explica de mas; organiza el espacio para que aparezca una pregunta: que queda de una vida cuando se la mira sin consuelo y sin grandes gestos.","Tambien importa la manera en que el libro entiende al lector. No lo trata como consumidor de argumento, sino como alguien capaz de quedarse dentro de una escena cuando la escena ya ha terminado. Esa confianza cambia la lectura: obliga a mirar los detalles laterales, los cambios de tono, las repeticiones y las omisiones que al principio parecian menores.","En terminos de estructura, la obra funciona por acumulacion discreta. No depende de un unico golpe ni de una frase memorable convertida en cartel; su potencia aparece cuando las capas empiezan a tocarse. Entonces se comprende que la forma no era un recipiente, sino el verdadero asunto: el modo en que una experiencia encuentra o pierde su lenguaje.","La pregunta que deja El sobrino de Wittgenstein no es si nos ha gustado, sino que clase de atencion nos ha exigido. Esa diferencia es importante. Hay libros que piden velocidad y libros que piden demora; este pertenece a los segundos, incluso cuando parece breve, directo o transparente. Su valor esta en esa resistencia a ser liquidado demasiado pronto.","Por eso la lectura deja una impresion doble. Por un lado, la precision de una pieza cerrada; por otro, la sensacion de que algo sigue abierto fuera del libro. Esa es su fuerza: no imponer una conclusion, sino dejar una vibracion moral que acompaña mucho despues de cerrar la ultima pagina."]'::jsonb, '[]'::jsonb, 7, true),
  ('flash-susan-sontag-sobre-la-fotografia', 'flash', 'Susan Sontag', 'Sobre la fotografia', null, 'Un ensayo que aun nos incomoda. Mirar no es inocente: toda imagen organiza una distancia moral entre quien observa y aquello que queda fijado.', 7.9, 'Debolsillo', '1977', 'Carlos Gardini', '288', 'https://picsum.photos/id/1031/420/560', '#222', 'grayscale(1) contrast(1.05)', null, '["Hay libros que no se leen: se atraviesan. Sobre la fotografia pertenece a esa familia porque un ensayo que aun nos incomoda. mirar no es inocente: toda imagen organiza una distancia moral entre quien observa y aquello que queda fijado. La experiencia no se agota en el argumento; sucede en la respiracion, en la forma en que cada pagina administra sus silencios y en la incomodidad que deja despues.","Susan Sontag trabaja aqui con una conciencia muy clara del ritmo. La escritura no busca decorar una idea, sino ponerla a prueba. Cada escena parece medida para que el lector perciba lo que ocurre debajo de la superficie: una perdida, una sospecha, una educacion sentimental o una manera de mirar que ya no puede volver atras.","Lo mas interesante esta en la tension entre forma y temperatura. El libro puede parecer sobrio, incluso frio, pero debajo hay una energia persistente. La prosa no explica de mas; organiza el espacio para que aparezca una pregunta: que queda de una vida cuando se la mira sin consuelo y sin grandes gestos.","Tambien importa la manera en que el libro entiende al lector. No lo trata como consumidor de argumento, sino como alguien capaz de quedarse dentro de una escena cuando la escena ya ha terminado. Esa confianza cambia la lectura: obliga a mirar los detalles laterales, los cambios de tono, las repeticiones y las omisiones que al principio parecian menores.","En terminos de estructura, la obra funciona por acumulacion discreta. No depende de un unico golpe ni de una frase memorable convertida en cartel; su potencia aparece cuando las capas empiezan a tocarse. Entonces se comprende que la forma no era un recipiente, sino el verdadero asunto: el modo en que una experiencia encuentra o pierde su lenguaje.","La pregunta que deja Sobre la fotografia no es si nos ha gustado, sino que clase de atencion nos ha exigido. Esa diferencia es importante. Hay libros que piden velocidad y libros que piden demora; este pertenece a los segundos, incluso cuando parece breve, directo o transparente. Su valor esta en esa resistencia a ser liquidado demasiado pronto.","Por eso la lectura deja una impresion doble. Por un lado, la precision de una pieza cerrada; por otro, la sensacion de que algo sigue abierto fuera del libro. Esa es su fuerza: no imponer una conclusion, sino dejar una vibracion moral que acompaña mucho despues de cerrar la ultima pagina."]'::jsonb, '[]'::jsonb, 8, true),
  ('flash-jose-angel-valente-fragmentos-de-un-libro-futuro', 'flash', 'Jose Angel Valente', 'Fragmentos de un libro futuro', null, 'Escritura quebrada, esencial. Cada fragmento es una iluminacion y tambien una desaparicion: pensamiento reducido a su temperatura mas exacta.', 8.8, 'Galaxia', '2000', '-', '104', 'https://picsum.photos/id/1043/420/560', '#efe6d0', 'grayscale(1) contrast(1.05)', null, '["Hay libros que no se leen: se atraviesan. Fragmentos de un libro futuro pertenece a esa familia porque escritura quebrada, esencial. cada fragmento es una iluminacion y tambien una desaparicion: pensamiento reducido a su temperatura mas exacta. La experiencia no se agota en el argumento; sucede en la respiracion, en la forma en que cada pagina administra sus silencios y en la incomodidad que deja despues.","Jose Angel Valente trabaja aqui con una conciencia muy clara del ritmo. La escritura no busca decorar una idea, sino ponerla a prueba. Cada escena parece medida para que el lector perciba lo que ocurre debajo de la superficie: una perdida, una sospecha, una educacion sentimental o una manera de mirar que ya no puede volver atras.","Lo mas interesante esta en la tension entre forma y temperatura. El libro puede parecer sobrio, incluso frio, pero debajo hay una energia persistente. La prosa no explica de mas; organiza el espacio para que aparezca una pregunta: que queda de una vida cuando se la mira sin consuelo y sin grandes gestos.","Tambien importa la manera en que el libro entiende al lector. No lo trata como consumidor de argumento, sino como alguien capaz de quedarse dentro de una escena cuando la escena ya ha terminado. Esa confianza cambia la lectura: obliga a mirar los detalles laterales, los cambios de tono, las repeticiones y las omisiones que al principio parecian menores.","En terminos de estructura, la obra funciona por acumulacion discreta. No depende de un unico golpe ni de una frase memorable convertida en cartel; su potencia aparece cuando las capas empiezan a tocarse. Entonces se comprende que la forma no era un recipiente, sino el verdadero asunto: el modo en que una experiencia encuentra o pierde su lenguaje.","La pregunta que deja Fragmentos de un libro futuro no es si nos ha gustado, sino que clase de atencion nos ha exigido. Esa diferencia es importante. Hay libros que piden velocidad y libros que piden demora; este pertenece a los segundos, incluso cuando parece breve, directo o transparente. Su valor esta en esa resistencia a ser liquidado demasiado pronto.","Por eso la lectura deja una impresion doble. Por un lado, la precision de una pieza cerrada; por otro, la sensacion de que algo sigue abierto fuera del libro. Esa es su fuerza: no imponer una conclusion, sino dejar una vibracion moral que acompaña mucho despues de cerrar la ultima pagina."]'::jsonb, '[]'::jsonb, 9, true),
  ('escala-john-williams-stoner', 'escala', 'John Williams', 'Stoner', null, 'Una vida aparentemente minima contada con una serenidad feroz. El libro avanza sin levantar la voz y termina pesando como una biografia secreta de la dignidad.', 9.6, 'Baile del Sol', '1965', 'Antonio Diez Fernandez', '256', 'https://picsum.photos/id/1059/420/560', '#e2d6b7', 'grayscale(1) contrast(1.05)', null, '["Hay libros que no se leen: se atraviesan. Stoner pertenece a esa familia porque una vida aparentemente minima contada con una serenidad feroz. el libro avanza sin levantar la voz y termina pesando como una biografia secreta de la dignidad. La experiencia no se agota en el argumento; sucede en la respiracion, en la forma en que cada pagina administra sus silencios y en la incomodidad que deja despues.","John Williams trabaja aqui con una conciencia muy clara del ritmo. La escritura no busca decorar una idea, sino ponerla a prueba. Cada escena parece medida para que el lector perciba lo que ocurre debajo de la superficie: una perdida, una sospecha, una educacion sentimental o una manera de mirar que ya no puede volver atras.","Lo mas interesante esta en la tension entre forma y temperatura. El libro puede parecer sobrio, incluso frio, pero debajo hay una energia persistente. La prosa no explica de mas; organiza el espacio para que aparezca una pregunta: que queda de una vida cuando se la mira sin consuelo y sin grandes gestos.","Tambien importa la manera en que el libro entiende al lector. No lo trata como consumidor de argumento, sino como alguien capaz de quedarse dentro de una escena cuando la escena ya ha terminado. Esa confianza cambia la lectura: obliga a mirar los detalles laterales, los cambios de tono, las repeticiones y las omisiones que al principio parecian menores.","En terminos de estructura, la obra funciona por acumulacion discreta. No depende de un unico golpe ni de una frase memorable convertida en cartel; su potencia aparece cuando las capas empiezan a tocarse. Entonces se comprende que la forma no era un recipiente, sino el verdadero asunto: el modo en que una experiencia encuentra o pierde su lenguaje.","La pregunta que deja Stoner no es si nos ha gustado, sino que clase de atencion nos ha exigido. Esa diferencia es importante. Hay libros que piden velocidad y libros que piden demora; este pertenece a los segundos, incluso cuando parece breve, directo o transparente. Su valor esta en esa resistencia a ser liquidado demasiado pronto.","Por eso la lectura deja una impresion doble. Por un lado, la precision de una pieza cerrada; por otro, la sensacion de que algo sigue abierto fuera del libro. Esa es su fuerza: no imponer una conclusion, sino dejar una vibracion moral que acompaña mucho despues de cerrar la ultima pagina."]'::jsonb, '[]'::jsonb, 10, true),
  ('escala-susan-sontag-sobre-la-fotografia', 'escala', 'Susan Sontag', 'Sobre la fotografia', null, 'La camara como poder, archivo y coartada. Sontag no escribe sobre tecnicas: escribe sobre el deseo de poseer el mundo por medio de sus restos.', 9.2, 'Debolsillo', '1977', 'Carlos Gardini', '288', 'https://picsum.photos/id/1060/420/560', '#111', 'grayscale(1) contrast(1.05)', null, '["Hay libros que no se leen: se atraviesan. Sobre la fotografia pertenece a esa familia porque la camara como poder, archivo y coartada. sontag no escribe sobre tecnicas: escribe sobre el deseo de poseer el mundo por medio de sus restos. La experiencia no se agota en el argumento; sucede en la respiracion, en la forma en que cada pagina administra sus silencios y en la incomodidad que deja despues.","Susan Sontag trabaja aqui con una conciencia muy clara del ritmo. La escritura no busca decorar una idea, sino ponerla a prueba. Cada escena parece medida para que el lector perciba lo que ocurre debajo de la superficie: una perdida, una sospecha, una educacion sentimental o una manera de mirar que ya no puede volver atras.","Lo mas interesante esta en la tension entre forma y temperatura. El libro puede parecer sobrio, incluso frio, pero debajo hay una energia persistente. La prosa no explica de mas; organiza el espacio para que aparezca una pregunta: que queda de una vida cuando se la mira sin consuelo y sin grandes gestos.","Tambien importa la manera en que el libro entiende al lector. No lo trata como consumidor de argumento, sino como alguien capaz de quedarse dentro de una escena cuando la escena ya ha terminado. Esa confianza cambia la lectura: obliga a mirar los detalles laterales, los cambios de tono, las repeticiones y las omisiones que al principio parecian menores.","En terminos de estructura, la obra funciona por acumulacion discreta. No depende de un unico golpe ni de una frase memorable convertida en cartel; su potencia aparece cuando las capas empiezan a tocarse. Entonces se comprende que la forma no era un recipiente, sino el verdadero asunto: el modo en que una experiencia encuentra o pierde su lenguaje.","La pregunta que deja Sobre la fotografia no es si nos ha gustado, sino que clase de atencion nos ha exigido. Esa diferencia es importante. Hay libros que piden velocidad y libros que piden demora; este pertenece a los segundos, incluso cuando parece breve, directo o transparente. Su valor esta en esa resistencia a ser liquidado demasiado pronto.","Por eso la lectura deja una impresion doble. Por un lado, la precision de una pieza cerrada; por otro, la sensacion de que algo sigue abierto fuera del libro. Esa es su fuerza: no imponer una conclusion, sino dejar una vibracion moral que acompaña mucho despues de cerrar la ultima pagina."]'::jsonb, '[]'::jsonb, 11, true),
  ('escala-han-kang-la-vegetariana', 'escala', 'Han Kang', 'La vegetariana', null, 'Un cuerpo decide salir del pacto. La novela convierte una renuncia privada en una violencia publica: familia, deseo, obediencia y terror domestico.', 9.0, 'Rata', '2007', 'Sunme Yoon', '240', 'https://picsum.photos/id/1067/420/560', '#efe5dd', 'grayscale(1) contrast(1.05)', null, '["Hay libros que no se leen: se atraviesan. La vegetariana pertenece a esa familia porque un cuerpo decide salir del pacto. la novela convierte una renuncia privada en una violencia publica: familia, deseo, obediencia y terror domestico. La experiencia no se agota en el argumento; sucede en la respiracion, en la forma en que cada pagina administra sus silencios y en la incomodidad que deja despues.","Han Kang trabaja aqui con una conciencia muy clara del ritmo. La escritura no busca decorar una idea, sino ponerla a prueba. Cada escena parece medida para que el lector perciba lo que ocurre debajo de la superficie: una perdida, una sospecha, una educacion sentimental o una manera de mirar que ya no puede volver atras.","Lo mas interesante esta en la tension entre forma y temperatura. El libro puede parecer sobrio, incluso frio, pero debajo hay una energia persistente. La prosa no explica de mas; organiza el espacio para que aparezca una pregunta: que queda de una vida cuando se la mira sin consuelo y sin grandes gestos.","Tambien importa la manera en que el libro entiende al lector. No lo trata como consumidor de argumento, sino como alguien capaz de quedarse dentro de una escena cuando la escena ya ha terminado. Esa confianza cambia la lectura: obliga a mirar los detalles laterales, los cambios de tono, las repeticiones y las omisiones que al principio parecian menores.","En terminos de estructura, la obra funciona por acumulacion discreta. No depende de un unico golpe ni de una frase memorable convertida en cartel; su potencia aparece cuando las capas empiezan a tocarse. Entonces se comprende que la forma no era un recipiente, sino el verdadero asunto: el modo en que una experiencia encuentra o pierde su lenguaje.","La pregunta que deja La vegetariana no es si nos ha gustado, sino que clase de atencion nos ha exigido. Esa diferencia es importante. Hay libros que piden velocidad y libros que piden demora; este pertenece a los segundos, incluso cuando parece breve, directo o transparente. Su valor esta en esa resistencia a ser liquidado demasiado pronto.","Por eso la lectura deja una impresion doble. Por un lado, la precision de una pieza cerrada; por otro, la sensacion de que algo sigue abierto fuera del libro. Esa es su fuerza: no imponer una conclusion, sino dejar una vibracion moral que acompaña mucho despues de cerrar la ultima pagina."]'::jsonb, '[]'::jsonb, 12, true),
  ('escala-tara-westover-una-educacion', 'escala', 'Tara Westover', 'Una educacion', null, 'Una memoria sobre abandonar un idioma familiar para poder nombrarse. La educacion aparece como fuga, herida y reconstruccion.', 8.8, 'Lumen', '2018', 'Antonia Martin', '464', 'https://picsum.photos/id/1084/420/560', '#efe2c9', 'grayscale(1) contrast(1.05)', null, '["Hay libros que no se leen: se atraviesan. Una educacion pertenece a esa familia porque una memoria sobre abandonar un idioma familiar para poder nombrarse. la educacion aparece como fuga, herida y reconstruccion. La experiencia no se agota en el argumento; sucede en la respiracion, en la forma en que cada pagina administra sus silencios y en la incomodidad que deja despues.","Tara Westover trabaja aqui con una conciencia muy clara del ritmo. La escritura no busca decorar una idea, sino ponerla a prueba. Cada escena parece medida para que el lector perciba lo que ocurre debajo de la superficie: una perdida, una sospecha, una educacion sentimental o una manera de mirar que ya no puede volver atras.","Lo mas interesante esta en la tension entre forma y temperatura. El libro puede parecer sobrio, incluso frio, pero debajo hay una energia persistente. La prosa no explica de mas; organiza el espacio para que aparezca una pregunta: que queda de una vida cuando se la mira sin consuelo y sin grandes gestos.","Tambien importa la manera en que el libro entiende al lector. No lo trata como consumidor de argumento, sino como alguien capaz de quedarse dentro de una escena cuando la escena ya ha terminado. Esa confianza cambia la lectura: obliga a mirar los detalles laterales, los cambios de tono, las repeticiones y las omisiones que al principio parecian menores.","En terminos de estructura, la obra funciona por acumulacion discreta. No depende de un unico golpe ni de una frase memorable convertida en cartel; su potencia aparece cuando las capas empiezan a tocarse. Entonces se comprende que la forma no era un recipiente, sino el verdadero asunto: el modo en que una experiencia encuentra o pierde su lenguaje.","La pregunta que deja Una educacion no es si nos ha gustado, sino que clase de atencion nos ha exigido. Esa diferencia es importante. Hay libros que piden velocidad y libros que piden demora; este pertenece a los segundos, incluso cuando parece breve, directo o transparente. Su valor esta en esa resistencia a ser liquidado demasiado pronto.","Por eso la lectura deja una impresion doble. Por un lado, la precision de una pieza cerrada; por otro, la sensacion de que algo sigue abierto fuera del libro. Esa es su fuerza: no imponer una conclusion, sino dejar una vibracion moral que acompaña mucho despues de cerrar la ultima pagina."]'::jsonb, '[]'::jsonb, 13, true),
  ('escala-roberto-bolano-los-detectives-salvajes', 'escala', 'Roberto Bolaño', 'Los detectives salvajes', null, 'Una expedicion, una pandilla, una ruina. Bolaño escribe la juventud como persecucion y la literatura como un mapa que siempre llega tarde.', 8.5, 'Anagrama', '1998', '-', '624', 'https://picsum.photos/id/1083/420/560', '#f0d4ce', 'grayscale(1) contrast(1.05)', null, '["Hay libros que no se leen: se atraviesan. Los detectives salvajes pertenece a esa familia porque una expedicion, una pandilla, una ruina. bolaño escribe la juventud como persecucion y la literatura como un mapa que siempre llega tarde. La experiencia no se agota en el argumento; sucede en la respiracion, en la forma en que cada pagina administra sus silencios y en la incomodidad que deja despues.","Roberto Bolaño trabaja aqui con una conciencia muy clara del ritmo. La escritura no busca decorar una idea, sino ponerla a prueba. Cada escena parece medida para que el lector perciba lo que ocurre debajo de la superficie: una perdida, una sospecha, una educacion sentimental o una manera de mirar que ya no puede volver atras.","Lo mas interesante esta en la tension entre forma y temperatura. El libro puede parecer sobrio, incluso frio, pero debajo hay una energia persistente. La prosa no explica de mas; organiza el espacio para que aparezca una pregunta: que queda de una vida cuando se la mira sin consuelo y sin grandes gestos.","Tambien importa la manera en que el libro entiende al lector. No lo trata como consumidor de argumento, sino como alguien capaz de quedarse dentro de una escena cuando la escena ya ha terminado. Esa confianza cambia la lectura: obliga a mirar los detalles laterales, los cambios de tono, las repeticiones y las omisiones que al principio parecian menores.","En terminos de estructura, la obra funciona por acumulacion discreta. No depende de un unico golpe ni de una frase memorable convertida en cartel; su potencia aparece cuando las capas empiezan a tocarse. Entonces se comprende que la forma no era un recipiente, sino el verdadero asunto: el modo en que una experiencia encuentra o pierde su lenguaje.","La pregunta que deja Los detectives salvajes no es si nos ha gustado, sino que clase de atencion nos ha exigido. Esa diferencia es importante. Hay libros que piden velocidad y libros que piden demora; este pertenece a los segundos, incluso cuando parece breve, directo o transparente. Su valor esta en esa resistencia a ser liquidado demasiado pronto.","Por eso la lectura deja una impresion doble. Por un lado, la precision de una pieza cerrada; por otro, la sensacion de que algo sigue abierto fuera del libro. Esa es su fuerza: no imponer una conclusion, sino dejar una vibracion moral que acompaña mucho despues de cerrar la ultima pagina."]'::jsonb, '[]'::jsonb, 14, true),
  ('escala-virginia-woolf-al-faro', 'escala', 'Virginia Woolf', 'Al faro', null, 'La conciencia como marea. Woolf hace visible lo que normalmente pasa entre frases: demora, deseo, memoria y la luz que cambia sin pedir permiso.', 8.3, 'Alianza', '1927', 'Jose Luis Lopez', '272', 'https://picsum.photos/id/1039/420/560', '#ecd873', 'grayscale(1) contrast(1.05)', null, '["Hay libros que no se leen: se atraviesan. Al faro pertenece a esa familia porque la conciencia como marea. woolf hace visible lo que normalmente pasa entre frases: demora, deseo, memoria y la luz que cambia sin pedir permiso. La experiencia no se agota en el argumento; sucede en la respiracion, en la forma en que cada pagina administra sus silencios y en la incomodidad que deja despues.","Virginia Woolf trabaja aqui con una conciencia muy clara del ritmo. La escritura no busca decorar una idea, sino ponerla a prueba. Cada escena parece medida para que el lector perciba lo que ocurre debajo de la superficie: una perdida, una sospecha, una educacion sentimental o una manera de mirar que ya no puede volver atras.","Lo mas interesante esta en la tension entre forma y temperatura. El libro puede parecer sobrio, incluso frio, pero debajo hay una energia persistente. La prosa no explica de mas; organiza el espacio para que aparezca una pregunta: que queda de una vida cuando se la mira sin consuelo y sin grandes gestos.","Tambien importa la manera en que el libro entiende al lector. No lo trata como consumidor de argumento, sino como alguien capaz de quedarse dentro de una escena cuando la escena ya ha terminado. Esa confianza cambia la lectura: obliga a mirar los detalles laterales, los cambios de tono, las repeticiones y las omisiones que al principio parecian menores.","En terminos de estructura, la obra funciona por acumulacion discreta. No depende de un unico golpe ni de una frase memorable convertida en cartel; su potencia aparece cuando las capas empiezan a tocarse. Entonces se comprende que la forma no era un recipiente, sino el verdadero asunto: el modo en que una experiencia encuentra o pierde su lenguaje.","La pregunta que deja Al faro no es si nos ha gustado, sino que clase de atencion nos ha exigido. Esa diferencia es importante. Hay libros que piden velocidad y libros que piden demora; este pertenece a los segundos, incluso cuando parece breve, directo o transparente. Su valor esta en esa resistencia a ser liquidado demasiado pronto.","Por eso la lectura deja una impresion doble. Por un lado, la precision de una pieza cerrada; por otro, la sensacion de que algo sigue abierto fuera del libro. Esa es su fuerza: no imponer una conclusion, sino dejar una vibracion moral que acompaña mucho despues de cerrar la ultima pagina."]'::jsonb, '[]'::jsonb, 15, true),
  ('escala-bernhard-schlink-el-lector', 'escala', 'Bernhard Schlink', 'El lector', null, 'Culpa, deseo y memoria alemana. Una novela breve que abre una pregunta incomoda: que hacemos con aquello que comprendemos demasiado tarde.', 8.1, 'Anagrama', '1995', 'Joan Parra', '208', 'https://picsum.photos/id/1048/420/560', '#dedede', 'grayscale(1) contrast(1.05)', null, '["Hay libros que no se leen: se atraviesan. El lector pertenece a esa familia porque culpa, deseo y memoria alemana. una novela breve que abre una pregunta incomoda: que hacemos con aquello que comprendemos demasiado tarde. La experiencia no se agota en el argumento; sucede en la respiracion, en la forma en que cada pagina administra sus silencios y en la incomodidad que deja despues.","Bernhard Schlink trabaja aqui con una conciencia muy clara del ritmo. La escritura no busca decorar una idea, sino ponerla a prueba. Cada escena parece medida para que el lector perciba lo que ocurre debajo de la superficie: una perdida, una sospecha, una educacion sentimental o una manera de mirar que ya no puede volver atras.","Lo mas interesante esta en la tension entre forma y temperatura. El libro puede parecer sobrio, incluso frio, pero debajo hay una energia persistente. La prosa no explica de mas; organiza el espacio para que aparezca una pregunta: que queda de una vida cuando se la mira sin consuelo y sin grandes gestos.","Tambien importa la manera en que el libro entiende al lector. No lo trata como consumidor de argumento, sino como alguien capaz de quedarse dentro de una escena cuando la escena ya ha terminado. Esa confianza cambia la lectura: obliga a mirar los detalles laterales, los cambios de tono, las repeticiones y las omisiones que al principio parecian menores.","En terminos de estructura, la obra funciona por acumulacion discreta. No depende de un unico golpe ni de una frase memorable convertida en cartel; su potencia aparece cuando las capas empiezan a tocarse. Entonces se comprende que la forma no era un recipiente, sino el verdadero asunto: el modo en que una experiencia encuentra o pierde su lenguaje.","La pregunta que deja El lector no es si nos ha gustado, sino que clase de atencion nos ha exigido. Esa diferencia es importante. Hay libros que piden velocidad y libros que piden demora; este pertenece a los segundos, incluso cuando parece breve, directo o transparente. Su valor esta en esa resistencia a ser liquidado demasiado pronto.","Por eso la lectura deja una impresion doble. Por un lado, la precision de una pieza cerrada; por otro, la sensacion de que algo sigue abierto fuera del libro. Esa es su fuerza: no imponer una conclusion, sino dejar una vibracion moral que acompaña mucho despues de cerrar la ultima pagina."]'::jsonb, '[]'::jsonb, 16, true),
  ('escala-paul-bowles-el-cielo-protector', 'escala', 'Paul Bowles', 'El cielo protector', null, 'Viajar hasta el punto donde el viaje deja de protegernos. Bowles narra la extranjeria como fiebre lenta y como perdida de forma.', 7.9, 'Seix Barral', '1949', 'M. Antolin Rato', '336', 'https://picsum.photos/id/1056/420/560', '#d7e6e9', 'grayscale(1) contrast(1.05)', null, '["Hay libros que no se leen: se atraviesan. El cielo protector pertenece a esa familia porque viajar hasta el punto donde el viaje deja de protegernos. bowles narra la extranjeria como fiebre lenta y como perdida de forma. La experiencia no se agota en el argumento; sucede en la respiracion, en la forma en que cada pagina administra sus silencios y en la incomodidad que deja despues.","Paul Bowles trabaja aqui con una conciencia muy clara del ritmo. La escritura no busca decorar una idea, sino ponerla a prueba. Cada escena parece medida para que el lector perciba lo que ocurre debajo de la superficie: una perdida, una sospecha, una educacion sentimental o una manera de mirar que ya no puede volver atras.","Lo mas interesante esta en la tension entre forma y temperatura. El libro puede parecer sobrio, incluso frio, pero debajo hay una energia persistente. La prosa no explica de mas; organiza el espacio para que aparezca una pregunta: que queda de una vida cuando se la mira sin consuelo y sin grandes gestos.","Tambien importa la manera en que el libro entiende al lector. No lo trata como consumidor de argumento, sino como alguien capaz de quedarse dentro de una escena cuando la escena ya ha terminado. Esa confianza cambia la lectura: obliga a mirar los detalles laterales, los cambios de tono, las repeticiones y las omisiones que al principio parecian menores.","En terminos de estructura, la obra funciona por acumulacion discreta. No depende de un unico golpe ni de una frase memorable convertida en cartel; su potencia aparece cuando las capas empiezan a tocarse. Entonces se comprende que la forma no era un recipiente, sino el verdadero asunto: el modo en que una experiencia encuentra o pierde su lenguaje.","La pregunta que deja El cielo protector no es si nos ha gustado, sino que clase de atencion nos ha exigido. Esa diferencia es importante. Hay libros que piden velocidad y libros que piden demora; este pertenece a los segundos, incluso cuando parece breve, directo o transparente. Su valor esta en esa resistencia a ser liquidado demasiado pronto.","Por eso la lectura deja una impresion doble. Por un lado, la precision de una pieza cerrada; por otro, la sensacion de que algo sigue abierto fuera del libro. Esa es su fuerza: no imponer una conclusion, sino dejar una vibracion moral que acompaña mucho despues de cerrar la ultima pagina."]'::jsonb, '[]'::jsonb, 17, true),
  ('escala-carmen-laforet-nada', 'escala', 'Carmen Laforet', 'Nada', null, 'Una casa que devora y una voz que resiste. Laforet hizo del encierro de posguerra una novela de atmosfera cortante.', 7.6, 'Destino', '1945', '-', '296', 'https://picsum.photos/id/1068/420/560', '#eee8dc', 'grayscale(1) contrast(1.05)', null, '["Hay libros que no se leen: se atraviesan. Nada pertenece a esa familia porque una casa que devora y una voz que resiste. laforet hizo del encierro de posguerra una novela de atmosfera cortante. La experiencia no se agota en el argumento; sucede en la respiracion, en la forma en que cada pagina administra sus silencios y en la incomodidad que deja despues.","Carmen Laforet trabaja aqui con una conciencia muy clara del ritmo. La escritura no busca decorar una idea, sino ponerla a prueba. Cada escena parece medida para que el lector perciba lo que ocurre debajo de la superficie: una perdida, una sospecha, una educacion sentimental o una manera de mirar que ya no puede volver atras.","Lo mas interesante esta en la tension entre forma y temperatura. El libro puede parecer sobrio, incluso frio, pero debajo hay una energia persistente. La prosa no explica de mas; organiza el espacio para que aparezca una pregunta: que queda de una vida cuando se la mira sin consuelo y sin grandes gestos.","Tambien importa la manera en que el libro entiende al lector. No lo trata como consumidor de argumento, sino como alguien capaz de quedarse dentro de una escena cuando la escena ya ha terminado. Esa confianza cambia la lectura: obliga a mirar los detalles laterales, los cambios de tono, las repeticiones y las omisiones que al principio parecian menores.","En terminos de estructura, la obra funciona por acumulacion discreta. No depende de un unico golpe ni de una frase memorable convertida en cartel; su potencia aparece cuando las capas empiezan a tocarse. Entonces se comprende que la forma no era un recipiente, sino el verdadero asunto: el modo en que una experiencia encuentra o pierde su lenguaje.","La pregunta que deja Nada no es si nos ha gustado, sino que clase de atencion nos ha exigido. Esa diferencia es importante. Hay libros que piden velocidad y libros que piden demora; este pertenece a los segundos, incluso cuando parece breve, directo o transparente. Su valor esta en esa resistencia a ser liquidado demasiado pronto.","Por eso la lectura deja una impresion doble. Por un lado, la precision de una pieza cerrada; por otro, la sensacion de que algo sigue abierto fuera del libro. Esa es su fuerza: no imponer una conclusion, sino dejar una vibracion moral que acompaña mucho despues de cerrar la ultima pagina."]'::jsonb, '[]'::jsonb, 18, true),
  ('escala-irene-nemirovsky-suite-francesa', 'escala', 'Irene Nemirovsky', 'Suite francesa', null, 'Una novela escrita en el borde de su propia catastrofe. El detalle social convive con una conciencia tragica del tiempo que se acaba.', 7.4, 'Salamandra', '2004', 'Jose Antonio Soriano', '480', 'https://picsum.photos/id/1024/420/560', '#eadfc9', 'grayscale(1) contrast(1.05)', null, '["Hay libros que no se leen: se atraviesan. Suite francesa pertenece a esa familia porque una novela escrita en el borde de su propia catastrofe. el detalle social convive con una conciencia tragica del tiempo que se acaba. La experiencia no se agota en el argumento; sucede en la respiracion, en la forma en que cada pagina administra sus silencios y en la incomodidad que deja despues.","Irene Nemirovsky trabaja aqui con una conciencia muy clara del ritmo. La escritura no busca decorar una idea, sino ponerla a prueba. Cada escena parece medida para que el lector perciba lo que ocurre debajo de la superficie: una perdida, una sospecha, una educacion sentimental o una manera de mirar que ya no puede volver atras.","Lo mas interesante esta en la tension entre forma y temperatura. El libro puede parecer sobrio, incluso frio, pero debajo hay una energia persistente. La prosa no explica de mas; organiza el espacio para que aparezca una pregunta: que queda de una vida cuando se la mira sin consuelo y sin grandes gestos.","Tambien importa la manera en que el libro entiende al lector. No lo trata como consumidor de argumento, sino como alguien capaz de quedarse dentro de una escena cuando la escena ya ha terminado. Esa confianza cambia la lectura: obliga a mirar los detalles laterales, los cambios de tono, las repeticiones y las omisiones que al principio parecian menores.","En terminos de estructura, la obra funciona por acumulacion discreta. No depende de un unico golpe ni de una frase memorable convertida en cartel; su potencia aparece cuando las capas empiezan a tocarse. Entonces se comprende que la forma no era un recipiente, sino el verdadero asunto: el modo en que una experiencia encuentra o pierde su lenguaje.","La pregunta que deja Suite francesa no es si nos ha gustado, sino que clase de atencion nos ha exigido. Esa diferencia es importante. Hay libros que piden velocidad y libros que piden demora; este pertenece a los segundos, incluso cuando parece breve, directo o transparente. Su valor esta en esa resistencia a ser liquidado demasiado pronto.","Por eso la lectura deja una impresion doble. Por un lado, la precision de una pieza cerrada; por otro, la sensacion de que algo sigue abierto fuera del libro. Esa es su fuerza: no imponer una conclusion, sino dejar una vibracion moral que acompaña mucho despues de cerrar la ultima pagina."]'::jsonb, '[]'::jsonb, 19, true),
  ('hoy-manana-philip-k-dick-suenan-los-androides-con-ovejas-electricas', 'hoy-manana', 'Philip K. Dick', '¿Sueñan los androides con ovejas electricas?', null, 'El futuro como pregunta moral. Dick no pregunta si las maquinas sienten, sino que queda de nosotros cuando la compasion se convierte en un articulo escaso.', 8.6, 'Minotauro', '1968', 'Cesar Terron', '256', 'https://picsum.photos/id/1080/420/560', '#f2eadc', 'grayscale(1) contrast(1.05)', 'hoy', '["Hay libros que no se leen: se atraviesan. ¿Sueñan los androides con ovejas electricas? pertenece a esa familia porque el futuro como pregunta moral. dick no pregunta si las maquinas sienten, sino que queda de nosotros cuando la compasion se convierte en un articulo escaso. La experiencia no se agota en el argumento; sucede en la respiracion, en la forma en que cada pagina administra sus silencios y en la incomodidad que deja despues.","Philip K. Dick trabaja aqui con una conciencia muy clara del ritmo. La escritura no busca decorar una idea, sino ponerla a prueba. Cada escena parece medida para que el lector perciba lo que ocurre debajo de la superficie: una perdida, una sospecha, una educacion sentimental o una manera de mirar que ya no puede volver atras.","Lo mas interesante esta en la tension entre forma y temperatura. El libro puede parecer sobrio, incluso frio, pero debajo hay una energia persistente. La prosa no explica de mas; organiza el espacio para que aparezca una pregunta: que queda de una vida cuando se la mira sin consuelo y sin grandes gestos.","Tambien importa la manera en que el libro entiende al lector. No lo trata como consumidor de argumento, sino como alguien capaz de quedarse dentro de una escena cuando la escena ya ha terminado. Esa confianza cambia la lectura: obliga a mirar los detalles laterales, los cambios de tono, las repeticiones y las omisiones que al principio parecian menores.","En terminos de estructura, la obra funciona por acumulacion discreta. No depende de un unico golpe ni de una frase memorable convertida en cartel; su potencia aparece cuando las capas empiezan a tocarse. Entonces se comprende que la forma no era un recipiente, sino el verdadero asunto: el modo en que una experiencia encuentra o pierde su lenguaje.","La pregunta que deja ¿Sueñan los androides con ovejas electricas? no es si nos ha gustado, sino que clase de atencion nos ha exigido. Esa diferencia es importante. Hay libros que piden velocidad y libros que piden demora; este pertenece a los segundos, incluso cuando parece breve, directo o transparente. Su valor esta en esa resistencia a ser liquidado demasiado pronto.","Por eso la lectura deja una impresion doble. Por un lado, la precision de una pieza cerrada; por otro, la sensacion de que algo sigue abierto fuera del libro. Esa es su fuerza: no imponer una conclusion, sino dejar una vibracion moral que acompaña mucho despues de cerrar la ultima pagina."]'::jsonb, '[]'::jsonb, 20, true),
  ('hoy-manana-w-g-sebald-vertigo', 'hoy-manana', 'W. G. Sebald', 'Vertigo', null, 'Cuatro desplazamientos, una misma niebla. Sebald escribe el viaje como un estado de sospecha: cada lugar parece recordar algo que el narrador todavia no sabe.', 8.9, 'Anagrama', '1990', 'Miguel Saenz', '248', 'https://picsum.photos/id/1081/420/560', '#f0e4cf', 'grayscale(1) contrast(1.05)', 'mañana', '["Hay libros que no se leen: se atraviesan. Vertigo pertenece a esa familia porque cuatro desplazamientos, una misma niebla. sebald escribe el viaje como un estado de sospecha: cada lugar parece recordar algo que el narrador todavia no sabe. La experiencia no se agota en el argumento; sucede en la respiracion, en la forma en que cada pagina administra sus silencios y en la incomodidad que deja despues.","W. G. Sebald trabaja aqui con una conciencia muy clara del ritmo. La escritura no busca decorar una idea, sino ponerla a prueba. Cada escena parece medida para que el lector perciba lo que ocurre debajo de la superficie: una perdida, una sospecha, una educacion sentimental o una manera de mirar que ya no puede volver atras.","Lo mas interesante esta en la tension entre forma y temperatura. El libro puede parecer sobrio, incluso frio, pero debajo hay una energia persistente. La prosa no explica de mas; organiza el espacio para que aparezca una pregunta: que queda de una vida cuando se la mira sin consuelo y sin grandes gestos.","Tambien importa la manera en que el libro entiende al lector. No lo trata como consumidor de argumento, sino como alguien capaz de quedarse dentro de una escena cuando la escena ya ha terminado. Esa confianza cambia la lectura: obliga a mirar los detalles laterales, los cambios de tono, las repeticiones y las omisiones que al principio parecian menores.","En terminos de estructura, la obra funciona por acumulacion discreta. No depende de un unico golpe ni de una frase memorable convertida en cartel; su potencia aparece cuando las capas empiezan a tocarse. Entonces se comprende que la forma no era un recipiente, sino el verdadero asunto: el modo en que una experiencia encuentra o pierde su lenguaje.","La pregunta que deja Vertigo no es si nos ha gustado, sino que clase de atencion nos ha exigido. Esa diferencia es importante. Hay libros que piden velocidad y libros que piden demora; este pertenece a los segundos, incluso cuando parece breve, directo o transparente. Su valor esta en esa resistencia a ser liquidado demasiado pronto.","Por eso la lectura deja una impresion doble. Por un lado, la precision de una pieza cerrada; por otro, la sensacion de que algo sigue abierto fuera del libro. Esa es su fuerza: no imponer una conclusion, sino dejar una vibracion moral que acompaña mucho despues de cerrar la ultima pagina."]'::jsonb, '[]'::jsonb, 21, true),
  ('no-milan-kundera-la-insoportable-levedad-del-ser', 'no', 'Milan Kundera', 'La insoportable levedad del ser', null, 'Una novela brillante en superficie, pero demasiado enamorada de su propio mecanismo. La idea manda tanto que los personajes quedan reducidos a emblemas.', 2.8, 'Tusquets', '1984', 'Fernando de Valenzuela', '320', 'https://picsum.photos/id/1082/420/560', '#ead0d0', 'grayscale(1) contrast(1.05)', null, '["Hay libros que no se leen: se atraviesan. La insoportable levedad del ser pertenece a esa familia porque una novela brillante en superficie, pero demasiado enamorada de su propio mecanismo. la idea manda tanto que los personajes quedan reducidos a emblemas. La experiencia no se agota en el argumento; sucede en la respiracion, en la forma en que cada pagina administra sus silencios y en la incomodidad que deja despues.","Milan Kundera trabaja aqui con una conciencia muy clara del ritmo. La escritura no busca decorar una idea, sino ponerla a prueba. Cada escena parece medida para que el lector perciba lo que ocurre debajo de la superficie: una perdida, una sospecha, una educacion sentimental o una manera de mirar que ya no puede volver atras.","Lo mas interesante esta en la tension entre forma y temperatura. El libro puede parecer sobrio, incluso frio, pero debajo hay una energia persistente. La prosa no explica de mas; organiza el espacio para que aparezca una pregunta: que queda de una vida cuando se la mira sin consuelo y sin grandes gestos.","Tambien importa la manera en que el libro entiende al lector. No lo trata como consumidor de argumento, sino como alguien capaz de quedarse dentro de una escena cuando la escena ya ha terminado. Esa confianza cambia la lectura: obliga a mirar los detalles laterales, los cambios de tono, las repeticiones y las omisiones que al principio parecian menores.","En terminos de estructura, la obra funciona por acumulacion discreta. No depende de un unico golpe ni de una frase memorable convertida en cartel; su potencia aparece cuando las capas empiezan a tocarse. Entonces se comprende que la forma no era un recipiente, sino el verdadero asunto: el modo en que una experiencia encuentra o pierde su lenguaje.","La pregunta que deja La insoportable levedad del ser no es si nos ha gustado, sino que clase de atencion nos ha exigido. Esa diferencia es importante. Hay libros que piden velocidad y libros que piden demora; este pertenece a los segundos, incluso cuando parece breve, directo o transparente. Su valor esta en esa resistencia a ser liquidado demasiado pronto.","Por eso la lectura deja una impresion doble. Por un lado, la precision de una pieza cerrada; por otro, la sensacion de que algo sigue abierto fuera del libro. Esa es su fuerza: no imponer una conclusion, sino dejar una vibracion moral que acompaña mucho despues de cerrar la ultima pagina."]'::jsonb, '[]'::jsonb, 22, true),
  ('no-don-delillo-cosmopolis', 'no', 'Don DeLillo', 'Cosmopolis', null, 'El concepto es potente, la ejecucion demasiado hermetica. La ciudad vibra, pero la novela parece mirar su propio reflejo mas que a sus criaturas.', 3.1, 'Seix Barral', '2003', 'Gian Castelli', '224', 'https://picsum.photos/id/1076/420/560', '#1f1f1f', 'grayscale(1) contrast(1.05)', null, '["Hay libros que no se leen: se atraviesan. Cosmopolis pertenece a esa familia porque el concepto es potente, la ejecucion demasiado hermetica. la ciudad vibra, pero la novela parece mirar su propio reflejo mas que a sus criaturas. La experiencia no se agota en el argumento; sucede en la respiracion, en la forma en que cada pagina administra sus silencios y en la incomodidad que deja despues.","Don DeLillo trabaja aqui con una conciencia muy clara del ritmo. La escritura no busca decorar una idea, sino ponerla a prueba. Cada escena parece medida para que el lector perciba lo que ocurre debajo de la superficie: una perdida, una sospecha, una educacion sentimental o una manera de mirar que ya no puede volver atras.","Lo mas interesante esta en la tension entre forma y temperatura. El libro puede parecer sobrio, incluso frio, pero debajo hay una energia persistente. La prosa no explica de mas; organiza el espacio para que aparezca una pregunta: que queda de una vida cuando se la mira sin consuelo y sin grandes gestos.","Tambien importa la manera en que el libro entiende al lector. No lo trata como consumidor de argumento, sino como alguien capaz de quedarse dentro de una escena cuando la escena ya ha terminado. Esa confianza cambia la lectura: obliga a mirar los detalles laterales, los cambios de tono, las repeticiones y las omisiones que al principio parecian menores.","En terminos de estructura, la obra funciona por acumulacion discreta. No depende de un unico golpe ni de una frase memorable convertida en cartel; su potencia aparece cuando las capas empiezan a tocarse. Entonces se comprende que la forma no era un recipiente, sino el verdadero asunto: el modo en que una experiencia encuentra o pierde su lenguaje.","La pregunta que deja Cosmopolis no es si nos ha gustado, sino que clase de atencion nos ha exigido. Esa diferencia es importante. Hay libros que piden velocidad y libros que piden demora; este pertenece a los segundos, incluso cuando parece breve, directo o transparente. Su valor esta en esa resistencia a ser liquidado demasiado pronto.","Por eso la lectura deja una impresion doble. Por un lado, la precision de una pieza cerrada; por otro, la sensacion de que algo sigue abierto fuera del libro. Esa es su fuerza: no imponer una conclusion, sino dejar una vibracion moral que acompaña mucho despues de cerrar la ultima pagina."]'::jsonb, '[]'::jsonb, 23, true),
  ('no-karl-ove-knausgard-mi-lucha-1', 'no', 'Karl Ove Knausgard', 'Mi lucha 1', null, 'La precision autobiografica no siempre alcanza forma literaria. Hay intensidad, pero tambien una insistencia que confunde acumulacion con revelacion.', 2.5, 'Anagrama', '2009', 'Kirsti Baggethun', '496', 'https://picsum.photos/id/1016/420/560', '#eee8df', 'grayscale(1) contrast(1.05)', null, '["Hay libros que no se leen: se atraviesan. Mi lucha 1 pertenece a esa familia porque la precision autobiografica no siempre alcanza forma literaria. hay intensidad, pero tambien una insistencia que confunde acumulacion con revelacion. La experiencia no se agota en el argumento; sucede en la respiracion, en la forma en que cada pagina administra sus silencios y en la incomodidad que deja despues.","Karl Ove Knausgard trabaja aqui con una conciencia muy clara del ritmo. La escritura no busca decorar una idea, sino ponerla a prueba. Cada escena parece medida para que el lector perciba lo que ocurre debajo de la superficie: una perdida, una sospecha, una educacion sentimental o una manera de mirar que ya no puede volver atras.","Lo mas interesante esta en la tension entre forma y temperatura. El libro puede parecer sobrio, incluso frio, pero debajo hay una energia persistente. La prosa no explica de mas; organiza el espacio para que aparezca una pregunta: que queda de una vida cuando se la mira sin consuelo y sin grandes gestos.","Tambien importa la manera en que el libro entiende al lector. No lo trata como consumidor de argumento, sino como alguien capaz de quedarse dentro de una escena cuando la escena ya ha terminado. Esa confianza cambia la lectura: obliga a mirar los detalles laterales, los cambios de tono, las repeticiones y las omisiones que al principio parecian menores.","En terminos de estructura, la obra funciona por acumulacion discreta. No depende de un unico golpe ni de una frase memorable convertida en cartel; su potencia aparece cuando las capas empiezan a tocarse. Entonces se comprende que la forma no era un recipiente, sino el verdadero asunto: el modo en que una experiencia encuentra o pierde su lenguaje.","La pregunta que deja Mi lucha 1 no es si nos ha gustado, sino que clase de atencion nos ha exigido. Esa diferencia es importante. Hay libros que piden velocidad y libros que piden demora; este pertenece a los segundos, incluso cuando parece breve, directo o transparente. Su valor esta en esa resistencia a ser liquidado demasiado pronto.","Por eso la lectura deja una impresion doble. Por un lado, la precision de una pieza cerrada; por otro, la sensacion de que algo sigue abierto fuera del libro. Esa es su fuerza: no imponer una conclusion, sino dejar una vibracion moral que acompaña mucho despues de cerrar la ultima pagina."]'::jsonb, '[]'::jsonb, 24, true),
  ('no-j-d-salinger-el-guardian-entre-el-centeno', 'no', 'J. D. Salinger', 'El guardian entre el centeno', null, 'Su energia adolescente sigue intacta, pero el mito ha envejecido peor que la voz. La pose termina tapando sus hallazgos.', 3.0, 'Alianza', '1951', 'Carmen Criado', '240', 'https://picsum.photos/id/1027/420/560', '#ede7d5', 'grayscale(1) contrast(1.05)', null, '["Hay libros que no se leen: se atraviesan. El guardian entre el centeno pertenece a esa familia porque su energia adolescente sigue intacta, pero el mito ha envejecido peor que la voz. la pose termina tapando sus hallazgos. La experiencia no se agota en el argumento; sucede en la respiracion, en la forma en que cada pagina administra sus silencios y en la incomodidad que deja despues.","J. D. Salinger trabaja aqui con una conciencia muy clara del ritmo. La escritura no busca decorar una idea, sino ponerla a prueba. Cada escena parece medida para que el lector perciba lo que ocurre debajo de la superficie: una perdida, una sospecha, una educacion sentimental o una manera de mirar que ya no puede volver atras.","Lo mas interesante esta en la tension entre forma y temperatura. El libro puede parecer sobrio, incluso frio, pero debajo hay una energia persistente. La prosa no explica de mas; organiza el espacio para que aparezca una pregunta: que queda de una vida cuando se la mira sin consuelo y sin grandes gestos.","Tambien importa la manera en que el libro entiende al lector. No lo trata como consumidor de argumento, sino como alguien capaz de quedarse dentro de una escena cuando la escena ya ha terminado. Esa confianza cambia la lectura: obliga a mirar los detalles laterales, los cambios de tono, las repeticiones y las omisiones que al principio parecian menores.","En terminos de estructura, la obra funciona por acumulacion discreta. No depende de un unico golpe ni de una frase memorable convertida en cartel; su potencia aparece cuando las capas empiezan a tocarse. Entonces se comprende que la forma no era un recipiente, sino el verdadero asunto: el modo en que una experiencia encuentra o pierde su lenguaje.","La pregunta que deja El guardian entre el centeno no es si nos ha gustado, sino que clase de atencion nos ha exigido. Esa diferencia es importante. Hay libros que piden velocidad y libros que piden demora; este pertenece a los segundos, incluso cuando parece breve, directo o transparente. Su valor esta en esa resistencia a ser liquidado demasiado pronto.","Por eso la lectura deja una impresion doble. Por un lado, la precision de una pieza cerrada; por otro, la sensacion de que algo sigue abierto fuera del libro. Esa es su fuerza: no imponer una conclusion, sino dejar una vibracion moral que acompaña mucho despues de cerrar la ultima pagina."]'::jsonb, '[]'::jsonb, 25, true),
  ('no-paulo-coelho-el-alquimista', 'no', 'Paulo Coelho', 'El alquimista', null, 'La fabula avanza por frases que buscan parecer revelacion. Hay limpieza, si, pero poca friccion, poca sombra y casi ningun riesgo.', 2.0, 'Planeta', '1988', '-', '192', 'https://picsum.photos/id/1031/420/560', '#b94b40', 'grayscale(1) contrast(1.05)', null, '["Hay libros que no se leen: se atraviesan. El alquimista pertenece a esa familia porque la fabula avanza por frases que buscan parecer revelacion. hay limpieza, si, pero poca friccion, poca sombra y casi ningun riesgo. La experiencia no se agota en el argumento; sucede en la respiracion, en la forma en que cada pagina administra sus silencios y en la incomodidad que deja despues.","Paulo Coelho trabaja aqui con una conciencia muy clara del ritmo. La escritura no busca decorar una idea, sino ponerla a prueba. Cada escena parece medida para que el lector perciba lo que ocurre debajo de la superficie: una perdida, una sospecha, una educacion sentimental o una manera de mirar que ya no puede volver atras.","Lo mas interesante esta en la tension entre forma y temperatura. El libro puede parecer sobrio, incluso frio, pero debajo hay una energia persistente. La prosa no explica de mas; organiza el espacio para que aparezca una pregunta: que queda de una vida cuando se la mira sin consuelo y sin grandes gestos.","Tambien importa la manera en que el libro entiende al lector. No lo trata como consumidor de argumento, sino como alguien capaz de quedarse dentro de una escena cuando la escena ya ha terminado. Esa confianza cambia la lectura: obliga a mirar los detalles laterales, los cambios de tono, las repeticiones y las omisiones que al principio parecian menores.","En terminos de estructura, la obra funciona por acumulacion discreta. No depende de un unico golpe ni de una frase memorable convertida en cartel; su potencia aparece cuando las capas empiezan a tocarse. Entonces se comprende que la forma no era un recipiente, sino el verdadero asunto: el modo en que una experiencia encuentra o pierde su lenguaje.","La pregunta que deja El alquimista no es si nos ha gustado, sino que clase de atencion nos ha exigido. Esa diferencia es importante. Hay libros que piden velocidad y libros que piden demora; este pertenece a los segundos, incluso cuando parece breve, directo o transparente. Su valor esta en esa resistencia a ser liquidado demasiado pronto.","Por eso la lectura deja una impresion doble. Por un lado, la precision de una pieza cerrada; por otro, la sensacion de que algo sigue abierto fuera del libro. Esa es su fuerza: no imponer una conclusion, sino dejar una vibracion moral que acompaña mucho despues de cerrar la ultima pagina."]'::jsonb, '[]'::jsonb, 26, true),
  ('no-dan-brown-el-codigo-da-vinci', 'no', 'Dan Brown', 'El codigo Da Vinci', null, 'Eficaz como mecanismo, pobre como literatura. Cada capitulo empuja, pero casi nada permanece cuando se apaga el suspense.', 2.2, 'Umbriel', '2003', 'Juanjo Estrella', '560', 'https://picsum.photos/id/1043/420/560', '#2a241e', 'grayscale(1) contrast(1.05)', null, '["Hay libros que no se leen: se atraviesan. El codigo Da Vinci pertenece a esa familia porque eficaz como mecanismo, pobre como literatura. cada capitulo empuja, pero casi nada permanece cuando se apaga el suspense. La experiencia no se agota en el argumento; sucede en la respiracion, en la forma en que cada pagina administra sus silencios y en la incomodidad que deja despues.","Dan Brown trabaja aqui con una conciencia muy clara del ritmo. La escritura no busca decorar una idea, sino ponerla a prueba. Cada escena parece medida para que el lector perciba lo que ocurre debajo de la superficie: una perdida, una sospecha, una educacion sentimental o una manera de mirar que ya no puede volver atras.","Lo mas interesante esta en la tension entre forma y temperatura. El libro puede parecer sobrio, incluso frio, pero debajo hay una energia persistente. La prosa no explica de mas; organiza el espacio para que aparezca una pregunta: que queda de una vida cuando se la mira sin consuelo y sin grandes gestos.","Tambien importa la manera en que el libro entiende al lector. No lo trata como consumidor de argumento, sino como alguien capaz de quedarse dentro de una escena cuando la escena ya ha terminado. Esa confianza cambia la lectura: obliga a mirar los detalles laterales, los cambios de tono, las repeticiones y las omisiones que al principio parecian menores.","En terminos de estructura, la obra funciona por acumulacion discreta. No depende de un unico golpe ni de una frase memorable convertida en cartel; su potencia aparece cuando las capas empiezan a tocarse. Entonces se comprende que la forma no era un recipiente, sino el verdadero asunto: el modo en que una experiencia encuentra o pierde su lenguaje.","La pregunta que deja El codigo Da Vinci no es si nos ha gustado, sino que clase de atencion nos ha exigido. Esa diferencia es importante. Hay libros que piden velocidad y libros que piden demora; este pertenece a los segundos, incluso cuando parece breve, directo o transparente. Su valor esta en esa resistencia a ser liquidado demasiado pronto.","Por eso la lectura deja una impresion doble. Por un lado, la precision de una pieza cerrada; por otro, la sensacion de que algo sigue abierto fuera del libro. Esa es su fuerza: no imponer una conclusion, sino dejar una vibracion moral que acompaña mucho despues de cerrar la ultima pagina."]'::jsonb, '[]'::jsonb, 27, true),
  ('no-elena-ferrante-la-amiga-estupenda', 'no', 'Elena Ferrante', 'La amiga estupenda', null, 'Hay vida, barrio y conflicto, pero la intensidad queda demasiado programada. La emocion llega subrayada antes de tiempo.', 2.6, 'Lumen', '2011', 'Celia Filipetto', '392', 'https://picsum.photos/id/1059/420/560', '#eee4d4', 'grayscale(1) contrast(1.05)', null, '["Hay libros que no se leen: se atraviesan. La amiga estupenda pertenece a esa familia porque hay vida, barrio y conflicto, pero la intensidad queda demasiado programada. la emocion llega subrayada antes de tiempo. La experiencia no se agota en el argumento; sucede en la respiracion, en la forma en que cada pagina administra sus silencios y en la incomodidad que deja despues.","Elena Ferrante trabaja aqui con una conciencia muy clara del ritmo. La escritura no busca decorar una idea, sino ponerla a prueba. Cada escena parece medida para que el lector perciba lo que ocurre debajo de la superficie: una perdida, una sospecha, una educacion sentimental o una manera de mirar que ya no puede volver atras.","Lo mas interesante esta en la tension entre forma y temperatura. El libro puede parecer sobrio, incluso frio, pero debajo hay una energia persistente. La prosa no explica de mas; organiza el espacio para que aparezca una pregunta: que queda de una vida cuando se la mira sin consuelo y sin grandes gestos.","Tambien importa la manera en que el libro entiende al lector. No lo trata como consumidor de argumento, sino como alguien capaz de quedarse dentro de una escena cuando la escena ya ha terminado. Esa confianza cambia la lectura: obliga a mirar los detalles laterales, los cambios de tono, las repeticiones y las omisiones que al principio parecian menores.","En terminos de estructura, la obra funciona por acumulacion discreta. No depende de un unico golpe ni de una frase memorable convertida en cartel; su potencia aparece cuando las capas empiezan a tocarse. Entonces se comprende que la forma no era un recipiente, sino el verdadero asunto: el modo en que una experiencia encuentra o pierde su lenguaje.","La pregunta que deja La amiga estupenda no es si nos ha gustado, sino que clase de atencion nos ha exigido. Esa diferencia es importante. Hay libros que piden velocidad y libros que piden demora; este pertenece a los segundos, incluso cuando parece breve, directo o transparente. Su valor esta en esa resistencia a ser liquidado demasiado pronto.","Por eso la lectura deja una impresion doble. Por un lado, la precision de una pieza cerrada; por otro, la sensacion de que algo sigue abierto fuera del libro. Esa es su fuerza: no imponer una conclusion, sino dejar una vibracion moral que acompaña mucho despues de cerrar la ultima pagina."]'::jsonb, '[]'::jsonb, 28, true),
  ('no-marc-levy-si-pudiera-volver-a-verte', 'no', 'Marc Levy', 'Si pudiera volver a verte', null, 'Romanticismo de trazo blando y arquitectura previsible. La novela nunca incomoda a sus propias certezas.', 2.7, 'Roca', '2001', '-', '288', 'https://picsum.photos/id/1060/420/560', '#ece8dc', 'grayscale(1) contrast(1.05)', null, '["Hay libros que no se leen: se atraviesan. Si pudiera volver a verte pertenece a esa familia porque romanticismo de trazo blando y arquitectura previsible. la novela nunca incomoda a sus propias certezas. La experiencia no se agota en el argumento; sucede en la respiracion, en la forma en que cada pagina administra sus silencios y en la incomodidad que deja despues.","Marc Levy trabaja aqui con una conciencia muy clara del ritmo. La escritura no busca decorar una idea, sino ponerla a prueba. Cada escena parece medida para que el lector perciba lo que ocurre debajo de la superficie: una perdida, una sospecha, una educacion sentimental o una manera de mirar que ya no puede volver atras.","Lo mas interesante esta en la tension entre forma y temperatura. El libro puede parecer sobrio, incluso frio, pero debajo hay una energia persistente. La prosa no explica de mas; organiza el espacio para que aparezca una pregunta: que queda de una vida cuando se la mira sin consuelo y sin grandes gestos.","Tambien importa la manera en que el libro entiende al lector. No lo trata como consumidor de argumento, sino como alguien capaz de quedarse dentro de una escena cuando la escena ya ha terminado. Esa confianza cambia la lectura: obliga a mirar los detalles laterales, los cambios de tono, las repeticiones y las omisiones que al principio parecian menores.","En terminos de estructura, la obra funciona por acumulacion discreta. No depende de un unico golpe ni de una frase memorable convertida en cartel; su potencia aparece cuando las capas empiezan a tocarse. Entonces se comprende que la forma no era un recipiente, sino el verdadero asunto: el modo en que una experiencia encuentra o pierde su lenguaje.","La pregunta que deja Si pudiera volver a verte no es si nos ha gustado, sino que clase de atencion nos ha exigido. Esa diferencia es importante. Hay libros que piden velocidad y libros que piden demora; este pertenece a los segundos, incluso cuando parece breve, directo o transparente. Su valor esta en esa resistencia a ser liquidado demasiado pronto.","Por eso la lectura deja una impresion doble. Por un lado, la precision de una pieza cerrada; por otro, la sensacion de que algo sigue abierto fuera del libro. Esa es su fuerza: no imponer una conclusion, sino dejar una vibracion moral que acompaña mucho despues de cerrar la ultima pagina."]'::jsonb, '[]'::jsonb, 29, true),
  ('no-javier-cercas-soldados-de-salamina', 'no', 'Javier Cercas', 'Soldados de Salamina', null, 'Interesante como dispositivo, menos convincente como resultado. La investigacion pesa mas que la respiracion narrativa.', 2.9, 'Tusquets', '2001', '-', '224', 'https://picsum.photos/id/1067/420/560', '#eee9df', 'grayscale(1) contrast(1.05)', null, '["Hay libros que no se leen: se atraviesan. Soldados de Salamina pertenece a esa familia porque interesante como dispositivo, menos convincente como resultado. la investigacion pesa mas que la respiracion narrativa. La experiencia no se agota en el argumento; sucede en la respiracion, en la forma en que cada pagina administra sus silencios y en la incomodidad que deja despues.","Javier Cercas trabaja aqui con una conciencia muy clara del ritmo. La escritura no busca decorar una idea, sino ponerla a prueba. Cada escena parece medida para que el lector perciba lo que ocurre debajo de la superficie: una perdida, una sospecha, una educacion sentimental o una manera de mirar que ya no puede volver atras.","Lo mas interesante esta en la tension entre forma y temperatura. El libro puede parecer sobrio, incluso frio, pero debajo hay una energia persistente. La prosa no explica de mas; organiza el espacio para que aparezca una pregunta: que queda de una vida cuando se la mira sin consuelo y sin grandes gestos.","Tambien importa la manera en que el libro entiende al lector. No lo trata como consumidor de argumento, sino como alguien capaz de quedarse dentro de una escena cuando la escena ya ha terminado. Esa confianza cambia la lectura: obliga a mirar los detalles laterales, los cambios de tono, las repeticiones y las omisiones que al principio parecian menores.","En terminos de estructura, la obra funciona por acumulacion discreta. No depende de un unico golpe ni de una frase memorable convertida en cartel; su potencia aparece cuando las capas empiezan a tocarse. Entonces se comprende que la forma no era un recipiente, sino el verdadero asunto: el modo en que una experiencia encuentra o pierde su lenguaje.","La pregunta que deja Soldados de Salamina no es si nos ha gustado, sino que clase de atencion nos ha exigido. Esa diferencia es importante. Hay libros que piden velocidad y libros que piden demora; este pertenece a los segundos, incluso cuando parece breve, directo o transparente. Su valor esta en esa resistencia a ser liquidado demasiado pronto.","Por eso la lectura deja una impresion doble. Por un lado, la precision de una pieza cerrada; por otro, la sensacion de que algo sigue abierto fuera del libro. Esa es su fuerza: no imponer una conclusion, sino dejar una vibracion moral que acompaña mucho despues de cerrar la ultima pagina."]'::jsonb, '[]'::jsonb, 30, true),
  ('no-e-l-james-cincuenta-sombras-de-grey', 'no', 'E. L. James', 'Cincuenta sombras de Grey', null, 'El escandalo fue mas fuerte que la prosa. Como artefacto cultural importa; como novela, apenas sostiene sus propias escenas.', 2.3, 'Grijalbo', '2011', 'Pilar de la Peña', '544', 'https://picsum.photos/id/1084/420/560', '#191919', 'grayscale(1) contrast(1.05)', null, '["Hay libros que no se leen: se atraviesan. Cincuenta sombras de Grey pertenece a esa familia porque el escandalo fue mas fuerte que la prosa. como artefacto cultural importa; como novela, apenas sostiene sus propias escenas. La experiencia no se agota en el argumento; sucede en la respiracion, en la forma en que cada pagina administra sus silencios y en la incomodidad que deja despues.","E. L. James trabaja aqui con una conciencia muy clara del ritmo. La escritura no busca decorar una idea, sino ponerla a prueba. Cada escena parece medida para que el lector perciba lo que ocurre debajo de la superficie: una perdida, una sospecha, una educacion sentimental o una manera de mirar que ya no puede volver atras.","Lo mas interesante esta en la tension entre forma y temperatura. El libro puede parecer sobrio, incluso frio, pero debajo hay una energia persistente. La prosa no explica de mas; organiza el espacio para que aparezca una pregunta: que queda de una vida cuando se la mira sin consuelo y sin grandes gestos.","Tambien importa la manera en que el libro entiende al lector. No lo trata como consumidor de argumento, sino como alguien capaz de quedarse dentro de una escena cuando la escena ya ha terminado. Esa confianza cambia la lectura: obliga a mirar los detalles laterales, los cambios de tono, las repeticiones y las omisiones que al principio parecian menores.","En terminos de estructura, la obra funciona por acumulacion discreta. No depende de un unico golpe ni de una frase memorable convertida en cartel; su potencia aparece cuando las capas empiezan a tocarse. Entonces se comprende que la forma no era un recipiente, sino el verdadero asunto: el modo en que una experiencia encuentra o pierde su lenguaje.","La pregunta que deja Cincuenta sombras de Grey no es si nos ha gustado, sino que clase de atencion nos ha exigido. Esa diferencia es importante. Hay libros que piden velocidad y libros que piden demora; este pertenece a los segundos, incluso cuando parece breve, directo o transparente. Su valor esta en esa resistencia a ser liquidado demasiado pronto.","Por eso la lectura deja una impresion doble. Por un lado, la precision de una pieza cerrada; por otro, la sensacion de que algo sigue abierto fuera del libro. Esa es su fuerza: no imponer una conclusion, sino dejar una vibracion moral que acompaña mucho despues de cerrar la ultima pagina."]'::jsonb, '[]'::jsonb, 31, true)
on conflict (id) do update set
  section = excluded.section,
  author = excluded.author,
  title = excluded.title,
  subtitle = excluded.subtitle,
  summary = excluded.summary,
  score = excluded.score,
  publisher = excluded.publisher,
  publication_year = excluded.publication_year,
  translator = excluded.translator,
  pages = excluded.pages,
  cover_image_url = excluded.cover_image_url,
  cover_tone = excluded.cover_tone,
  cover_filter = excluded.cover_filter,
  slot = excluded.slot,
  body = excluded.body,
  images = excluded.images,
  sort_order = excluded.sort_order,
  is_published = excluded.is_published;

commit;
